"x1","x2","CLASS"
4.614236192,-4.186226307,0
3.965393009,-2.060655916,0
3.499355065,-1.784308138,0
-4.465305484,3.771122221,0
1.220406548,3.639983281,0
-4.334319045,3.373758491,0
3.764362184,-2.598758014,0
-1.583543106,-3.015927282,0
-0.375163297,-1.047463861,0
-4.235230014,4.560558849,0
-0.913378519,-3.54950526,0
-0.859424488,-3.549478645,0
3.771508397,-2.685762358,0
-2.626618445,-1.955479571,0
-2.430706697,-1.822086224,0
-3.616055676,1.791263453,0
4.837464832,-3.85146235,0
1.526967869,3.677849507,0
-1.871514064,-4.380626044,0
3.572959388,-1.417933333,0
4.562936672,-3.840391792,0
-1.942792768,-3.514387094,0
3.987144015,-3.154908192,0
2.136949534,3.643262655,0
1.660839675,4.154836572,0
-2.80164737,-1.213009036,0
4.476334506,-4.436740742,0
3.464119371,-1.545003507,0
3.864526721,-2.349297747,0
2.991076517,0.1217629,0
3.387507098,-0.862966921,0
-3.116029636,0.45422376,0
1.129641074,3.800226733,0
-3.286212045,1.422889731,0
-3.190972388,-0.062761242,0
1.373573956,4.064401221,0
-4.468600138,4.543145389,0
0.267942084,0.50908672,0
-1.088268254,-4.146184019,0
1.218636085,3.187835027,0
-3.461176134,1.444359366,0
0.299116909,1.169865577,0
-3.672682324,2.264358328,0
1.413728497,3.614964299,0
-1.604682053,-3.317184732,0
0.518123948,1.667106206,0
-2.761681487,-1.756339154,0
-1.228600063,-3.777934505,0
-4.635986236,4.099780768,0
-1.728362872,-4.700392964,0
-2.547932377,-1.55776315,0
-2.166178504,-2.710134378,0
4.890573451,-4.562278271,0
-2.883509656,-1.409761876,0
-0.789928392,-2.498909075,0
-2.974683288,-1.492574199,0
0.932968254,3.139809672,0
2.329378389,3.177556569,0
-0.212825849,-1.864382522,0
4.435179285,-3.916424294,0
-0.682044225,-2.608895248,0
-1.497362081,-3.823607573,0
2.955649835,0.505057066,0
-4.554186102,4.329530313,0
-1.63683905,-4.463695831,0
-1.95341063,-4.101558236,0
-0.410990845,-0.70543752,0
-2.796553576,-1.09966137,0
-2.648887874,-2.019546025,0
0.539192217,3.213752401,0
-1.658506407,-3.759125594,0
0.921133617,3.717882402,0
0.758677726,1.634890181,0
0.248448737,1.282634868,0
2.84506816,0.634792796,0
-1.7394028,-4.10657682,0
4.647195756,-3.907683285,0
-3.324730145,0.697727226,0
-3.881291484,2.628905894,0
1.94635863,3.707999485,0
2.899697819,1.671221167,0
-3.394435749,0.907257869,0
-4.578412329,3.295105128,0
2.645428206,2.20565076,0
1.113886249,3.563927951,0
-0.919470831,-2.462148103,0
4.606144596,-3.543459606,0
-4.854071846,3.084358801,0
-4.031448124,3.322187364,0
3.190975646,0.275279808,0
4.054259507,-3.635961935,0
2.861680114,1.478784721,0
0.084762448,0.189337427,0
-3.401481134,0.766752867,0
-3.969029349,2.904831139,0
-0.370084608,-1.283655814,0
-3.447911469,1.148458313,0
-2.011895108,-3.792937438,0
4.828440296,-4.280153327,0
3.915096633,-2.590223729,0
4.871308401,-3.643037225,0
3.644280434,-1.394211985,0
3.21310573,0.097627377,0
-0.496723484,-1.279424182,0
-4.625762599,4.337528857,0
-0.644526626,-2.224324556,0
-2.638295556,-1.198216121,0
4.215727707,-2.894284488,0
2.773125342,1.710740726,0
1.540541616,4.012358183,0
4.309596573,-3.982003397,0
-1.018296906,-3.345385168,0
2.434113133,2.492088325,0
2.315153386,4.006434009,0
-2.039035268,-3.841527388,0
-2.351495163,-3.494547287,0
4.832076088,-4.898223706,0
4.064736711,-3.286822436,0
-2.723763417,-1.479482379,0
0.16717064,0.246595255,0
3.653715381,-2.328619076,0
-1.545702098,-3.565736606,0
3.441155241,-0.634632423,0
1.343863241,4.20418516,0
3.208756344,0.432323845,0
3.163046956,-0.109298201,0
4.016743249,-3.066716618,0
1.459525239,4.353393928,0
1.146707423,2.689996884,0
1.075877908,3.930500198,0
-3.770554084,2.575412697,0
3.023701182,-0.237041134,0
-2.430706103,-3.231781388,0
-2.936358862,-1.81141693,0
-3.196568796,1.032414388,0
1.935664066,4.236622815,0
-4.599196066,3.291699506,0
-0.604399482,-3.57396376,0
2.412518794,3.073370913,0
2.823744046,0.631281313,0
1.746310629,4.018220338,0
1.49102696,4.678692854,0
-3.821700609,3.196168706,0
-1.751953757,-3.772938072,0
0.062311741,-0.224592469,0
-0.658170695,-2.651612397,0
0.450461039,1.803745025,0
-3.435284863,1.280959135,0
1.135470974,3.402752826,0
-1.896179444,-3.856401547,0
-2.342018732,-1.746035681,0
4.225645449,-3.549012233,0
4.607564178,-4.231396171,0
1.449953644,4.826809749,0
4.980057774,-3.729947173,0
-2.997120339,-1.061652173,0
-4.056929552,4.03014864,0
-2.475223984,-2.333543219,0
1.974421414,2.914989151,0
-1.174557793,-4.378517286,0
-3.126803839,-0.708465817,0
1.636072902,4.657358005,0
3.09148537,0.956885004,0
0.727175986,3.288399667,0
3.507796985,-2.132958391,0
3.270775296,-0.921411626,0
-4.416863355,3.317979574,0
-1.682737325,-3.642801117,0
-0.255957679,-1.188261682,0
-0.760956113,-3.481980308,0
-3.944814457,2.589453136,0
3.196109436,-1.150162923,0
-3.632215988,2.543031102,0
4.096066249,-3.34130551,0
2.381033497,2.676502107,0
-1.587465398,-4.421632098,0
-0.982079678,-3.076710017,0
-1.065465941,-2.607769252,0
-4.270531114,3.978860151,0
4.596763994,-3.483629381,0
-0.438961107,-1.075714154,0
2.0707973,3.042813005,0
-2.604167222,-2.052955651,0
3.349793835,-0.367649021,0
3.632758984,-2.204483325,0
2.887567724,1.006695374,0
-0.634510287,-3.121762896,0
1.689511226,3.758538428,0
2.503331292,2.922296953,0
-4.963074597,4.5792831,0
0.107339723,0.69068997,0
-3.51321409,1.866189355,0
1.216524402,3.696659338,0
0.362511359,1.990954808,0
-0.242373908,-1.289663115,0
1.988671599,3.832962373,0
-4.081332246,3.836748277,0
0.105585961,0.364010574,0
-2.989253991,-0.204618298,0
1.756576963,4.14892646,0
0.279516254,1.035843111,0
-4.510301896,4.466010715,0
-2.085918239,-4.328709606,0
-0.306844399,-1.544011693,0
4.994725627,-4.678033134,0
0.895871886,2.570712951,0
1.80361229,3.50478173,0
1.464529515,4.421992277,0
3.032663404,0.534714263,0
-1.711615673,-4.35866295,0
4.80999802,-3.914216643,0
1.963343648,4.002281353,0
-1.025154912,-3.059729366,0
-4.927237427,3.41330349,0
3.851577961,-2.259211809,0
-0.861198036,-2.435551524,0
0.855687247,2.835513501,0
4.937384268,-4.203631675,0
-2.566916121,-1.960629915,0
0.015556277,-0.138760922,0
-2.450450894,-2.64544104,0
-3.533874743,1.160023604,0
-4.800226493,3.8961261,0
-4.350586601,3.399231704,0
2.911668853,1.830601202,0
3.602650829,-1.546499687,0
-3.05656513,-0.067483617,0
3.22056198,0.634627061,0
-1.574466152,-4.69002071,0
-3.033369686,-0.42022405,0
-3.058734976,-1.14044613,0
3.184159242,0.217981181,0
4.046077454,-3.568661367,0
1.339405349,3.864149678,0
3.276616447,-0.847633211,0
0.273527238,0.625824675,0
0.731927615,2.156237038,0
0.732882929,2.514263117,0
4.237320386,-4.054989015,0
-1.043403987,-3.72870583,0
0.19952856,0.388022727,0
-0.512459527,-1.464729673,0
2.536230544,1.539423482,0
0.49180662,2.369874165,0
-1.015175025,-2.939242976,0
-1.409468865,-4.257209673,0
0.104414439,0.298257758,0
4.129974893,-3.292194914,0
-4.647715818,4.279962476,0
2.038654445,3.279700947,0
1.190661094,3.693633694,0
-4.461269523,3.219860536,0
3.186564809,-0.358102932,0
-4.176107447,3.579232153,0
4.52290881,-3.150810988,0
2.097810886,4.384527238,0
-2.185734729,-2.663682855,0
-3.233910818,1.073327905,0
1.741742217,3.460270415,0
1.572243054,4.180404961,0
-0.227169539,-1.094426723,0
0.316546508,1.415594936,0
4.129601391,-4.317272089,0
-2.192482061,-3.749615826,0
-1.73072488,-3.65509929,0
4.714590262,-3.74531913,0
-4.272804109,3.462104284,0
0.85876656,3.417881392,0
-1.24442115,-3.315969316,0
1.212113053,3.946745487,0
-2.658209789,-2.183865424,0
-1.652409427,-4.229771248,0
-3.186946944,-0.308297902,0
4.083757435,-3.366301071,0
3.865898664,-3.367615812,0
-1.366618259,-3.701470917,0
-0.139017866,-1.157483189,0
0.363346855,2.230462012,0
-0.588102343,-2.172255704,0
3.429573132,-0.405069675,0
1.455894231,4.486575273,0
0.172542296,0.924555271,0
-4.733890849,4.225846547,0
-3.635439768,2.188102867,0
-3.987916838,3.935243458,0
3.859315391,-1.855797558,0
1.752394154,3.999226112,0
-1.201800448,-3.388290045,0
4.962776231,-4.322854252,0
0.570194139,1.584832855,0
-3.886193784,3.340794862,0
-0.449001661,-1.849381629,0
-3.07078785,-0.586089602,0
3.932580813,-4.062735925,0
2.363594221,3.223347735,0
3.691524097,-1.87718183,0
-2.317449865,-3.048996363,0
-2.171569436,-3.736113547,0
3.794962452,-3.267309337,0
-2.693236577,-1.380060185,0
2.381605471,3.417366463,0
-3.484358075,1.349299644,0
3.50847658,-1.484551383,0
-2.606844569,-2.079961367,0
-3.635432797,1.579416622,0
-2.68800922,-1.768633259,0
1.197525936,3.11383501,0
-3.477325025,0.782994274,0
3.278673186,-0.909759526,0
-0.443259487,-1.300249342,0
-3.118989859,0.318940896,0
0.867617545,3.458934702,0
1.901644941,4.420588113,0
1.077625297,3.264909547,0
-4.636094961,3.975200893,0
0.621702569,2.999551945,0
2.139348369,2.523096316,0
-1.507620292,-3.881913976,0
1.933887014,4.354055763,0
-2.815171252,-0.758478169,0
2.755885446,1.782626784,0
0.885891891,3.658403146,0
-3.679512264,2.41081268,0
-3.263354138,0.081534211,0
4.70717344,-4.370601037,0
0.728121041,3.235682562,0
-3.478269209,1.398978681,0
4.338222938,-3.777659587,0
0.107724331,0.771357324,0
-2.304425328,-2.861517517,0
2.375435303,2.92140783,0
-4.780207803,4.059416838,0
1.696817575,3.480458806,0
-4.904248978,2.746335511,0
4.454720358,-4.007152994,0
3.855378609,-2.08611982,0
0.642989189,2.527016185,0
0.459650166,2.127924604,0
0.522137901,2.65238138,0
4.774755368,-3.829091454,0
-3.473880012,1.61649771,0
0.561843989,2.730382869,0
-0.182404842,-0.181608246,0
-0.532322899,-1.318777605,0
-0.400614147,-2.398949368,0
-3.628272251,2.421745602,0
-3.216589673,0.752474243,0
1.658678383,4.08448425,0
0.531452985,2.460081139,0
-3.135568923,0.418081894,0
-4.513163699,3.932782383,0
-3.982708661,3.156204471,0
3.072101437,-0.222367213,0
-2.588479803,-1.628224718,0
-1.30269197,-4.57872475,0
-3.885745215,2.791860613,0
2.701985091,0.782282223,0
4.72585002,-3.581292593,0
3.699334553,-1.542249836,0
-4.677745826,4.536964387,0
0.570763592,2.127990242,0
0.716041585,2.804237607,0
-4.092565442,3.66350475,0
1.444558266,3.94157179,0
4.724930909,-3.928913468,0
1.296263668,3.917039484,0
4.83161283,-4.019413156,0
-1.77703168,-3.879889387,0
-3.420814122,1.569513642,0
4.894427462,-3.750120324,0
0.507223385,2.445072864,0
-2.473205919,-1.379395814,0
-1.948199838,-3.762488534,0
-4.577062086,4.061180396,0
-4.62606597,3.946508484,0
-1.078969617,-2.903106039,0
0.853794301,2.483312181,0
-4.650515462,4.43055808,0
-2.696673637,-2.331054829,0
-0.826146721,-3.746076089,0
3.111224466,0.584324695,0
-3.069580998,-0.273164727,0
3.20507485,-0.464183999,0
3.513142818,-0.864564679,0
-0.661360107,-1.785303824,0
2.004101037,3.618967697,0
1.366447727,3.829915559,0
-4.16376235,4.148418944,0
-3.442440042,1.596858884,0
-0.363445405,-2.217198007,0
-4.704183114,4.567190486,0
1.51766394,3.385556277,0
-3.103007714,-0.914984288,0
-3.341041983,0.257437583,0
0.393898583,1.806467098,0
0.545078705,2.906754056,0
-4.201360915,3.841052605,0
-1.555338686,-3.286470966,0
-0.349537539,-1.039411747,0
2.897880217,0.660184138,0
1.328880077,4.337553945,0
1.972869143,4.446260902,0
-4.431204041,3.061754246,0
-2.837682851,-2.074199863,0
-4.001923653,3.06583297,0
0.002041408,0.913818953,0
-1.0188396,-3.031912585,0
-0.244584889,-0.860872258,0
-1.065423507,-2.821008783,0
-2.98708231,-1.609232605,0
0.756504391,3.232621207,0
-2.152016975,-2.690817903,0
2.710457854,2.907967377,0
1.594979796,4.823839354,0
4.404768595,-3.540074452,0
-3.350263701,1.307735128,0
3.763405755,-2.435941661,0
2.457488335,1.957522588,0
2.280407702,4.055602957,0
-3.762188829,2.583992935,0
-4.346038429,3.758339011,0
3.496764272,-1.086855379,0
3.424873997,-2.252056137,0
-4.4641967,4.511981213,0
-3.173173221,0.520373125,0
-4.780602106,3.704028663,0
1.248652213,3.825443461,0
-1.378397732,-4.323826512,0
4.741471419,-4.440683273,0
-4.282273238,3.495825095,0
-2.921012864,-0.131872703,0
4.874928063,-4.461023009,0
-1.704232865,-3.541381004,0
-1.010124814,-2.744323267,0
-3.387572353,1.334920242,0
0.476047306,1.591084657,0
-4.789567092,4.630960636,0
-3.981305929,3.092077196,0
-4.996468187,3.810110026,0
-4.141872432,3.347624412,0
-4.205546528,4.434158465,0
-2.281476462,-3.814656824,0
-1.583303488,-3.26625766,0
3.910553486,-2.217779178,0
-2.839850029,-0.900274727,0
2.221430922,3.142863732,0
0.066827573,0.748251103,0
-0.172149977,-1.083681903,0
-0.11530203,0.111680114,0
1.148042895,3.522901651,0
-1.194102957,-3.863879424,0
0.507470379,2.345045061,0
0.7796982,2.810704523,0
4.7967239,-4.002461671,0
3.200920906,0.344181705,0
-0.26379437,-1.570873286,0
3.068334253,0.936100562,0
-2.957748515,-0.282465315,0
-0.5039118,-2.076935473,0
3.508346204,-2.360387948,0
-3.422972318,1.961205163,0
-4.037229768,2.614557015,0
1.482527133,4.126961639,0
-2.115462897,-3.801262747,0
0.250239221,1.122222279,0
4.636074225,-4.673133708,0
-3.583243955,1.996164954,0
-0.404753056,-1.013569367,0
-4.48941197,4.583191831,0
4.269388437,-3.310846389,0
2.703442152,1.078867347,0
-2.047751802,-3.932979726,0
3.713695353,-2.470665713,0
-4.412243643,3.433039134,0
4.220027716,-3.479273256,0
0.547964382,1.816035633,0
-3.910897495,2.945502472,0
-0.710965132,-2.667191943,0
4.182387008,-2.742242356,0
-4.86130696,3.655417408,0
-3.613892067,1.723262184,0
-3.92341045,3.401199688,0
3.967861207,-3.735846691,0
2.303955469,3.060466065,0
4.571596195,-3.737503879,0
-4.921722591,4.036779654,0
0.132109197,0.788257323,0
-2.009927926,-3.439924587,0
-3.085908226,-0.089254374,0
-2.413498422,-3.029659805,0
-4.558588858,4.13019818,0
2.612116768,2.14784946,0
-4.430774602,3.801489042,0
0.499572714,1.596790046,0
-0.756020129,-2.949603755,0
-0.315549262,-0.367077652,0
-3.550770045,1.207827713,0
-2.968466002,-0.796449583,0
-4.992340847,3.727302289,0
-0.850508509,-3.350220393,0
2.753028034,1.249831659,0
1.457926817,4.958295747,0
0.042523085,0.588275116,0
1.37127978,4.927995806,0
0.713273943,2.234038295,0
-3.354872323,0.327054727,0
4.857849674,-4.287212599,0
4.217567299,-3.505643571,0
4.055325221,-2.379220989,0
-1.58718772,-4.035642609,0
-4.144656542,3.489780314,0
0.09472097,0.060008333,0
-2.270776997,-3.619548054,0
4.237855501,-3.303506354,0
-3.063878,-0.195526489,0
-3.514362618,1.668813302,0
-2.396250581,-2.87445327,0
-1.623049637,-3.727160146,0
3.012620669,0.685500161,0
-1.586073078,-3.878800258,0
1.872633796,3.271499823,0
2.06981495,3.235063054,0
2.494032914,2.710020786,0
4.516751887,-4.401727007,0
-0.667418775,-2.365036284,0
-2.241485426,-1.662717301,0
-1.426910295,-3.402200313,0
-3.075542592,-0.080817423,0
2.931101671,1.682186794,0
-0.179750947,-0.975338076,0
-2.463437766,-2.367486266,0
3.054351958,1.009944135,0
4.684432121,-4.548340267,0
2.873335392,0.457320421,0
-4.286798164,3.076495782,0
-2.643753099,-1.722439073,0
-1.619031501,-4.004187829,0
-0.288823405,-0.900832787,0
2.553922343,1.881898276,0
-3.019791599,0.194518546,0
4.324053272,-4.016060647,0
-1.857445207,-4.109774282,0
-4.984199204,3.843291257,0
-2.933407824,-0.715287209,0
-2.776330227,-2.178722432,0
-3.690865755,2.768101465,0
0.100366904,1.002396446,0
2.479835325,1.83240687,0
1.311991306,3.477934135,0
4.005165563,-2.698372881,0
3.27916075,-1.376570724,0
0.791351737,2.771462099,0
1.06366674,3.770876772,0
-1.118718269,-4.617656299,0
-4.407760091,3.746700271,0
2.434743717,2.510393291,0
1.91069325,3.936768238,0
-0.426586489,-1.889498124,0
0.666342468,2.851942249,0
4.919758313,-4.386719617,0
-2.686542452,-2.148820807,0
-3.779440834,3.274506288,0
-2.09761688,-3.204367654,0
3.884904471,-2.834422835,0
3.1273549,1.216929563,0
-3.530381431,1.741769615,0
2.888086191,1.53593044,0
-2.540963378,-3.377606363,0
1.417955188,4.252402424,0
0.065678619,-0.271474169,0
1.301424406,3.692454399,0
0.548555986,2.16964192,0
0.933981442,3.185240563,0
4.66452044,-4.062774094,0
-3.893892674,2.720072831,0
3.939814148,-2.15141317,0
4.860193487,-4.049759935,0
-1.607636651,-4.66633494,0
-0.504094306,-1.630631673,0
-1.299952271,-3.879933648,0
0.055398492,0.940456246,0
-3.473692059,1.738099641,0
2.283431611,2.151005664,0
0.106462592,0.639310652,0
1.598883183,4.471153861,0
0.310342398,0.750127648,0
0.370515813,1.822083509,0
-4.54318234,3.793568201,0
4.298271777,-3.923025843,0
-4.368774334,3.72620728,0
-4.201145885,3.65166937,0
-0.356041405,-1.45201172,0
-4.90457928,3.750547863,0
-3.902064334,2.449994112,0
3.658971116,-1.774051362,0
2.741434772,1.864813251,0
2.477924651,2.996959883,0
-1.312362214,-3.483729481,0
4.521146268,-3.300309071,0
-0.21335755,-0.494442291,0
0.418304424,1.803802459,0
3.556121676,-0.879986056,0
-1.700589682,-3.343925777,0
4.155003205,-3.124566855,0
3.75987944,-2.304371104,0
-3.601837005,1.474544742,0
-0.424640239,-1.588495383,0
3.776066457,-2.478607969,0
1.692552944,5.034726688,0
2.784346966,1.126711063,0
-1.168801235,-4.333988681,0
2.390174244,1.803864104,0
-1.008424528,-3.480784215,0
-2.599512108,-1.920050323,0
-0.482092656,-2.273514502,0
4.618975564,-4.351064653,0
-2.738186542,-1.137209235,0
0.657005792,2.98877161,0
0.940430667,3.537989262,0
4.832462189,-3.270422805,0
4.944054394,-3.916629049,0
-0.038638343,-0.150671439,0
-4.815443605,4.35690918,0
4.722541748,-4.955453035,0
-2.816505739,-0.86709424,0
-2.019306573,-3.382184673,0
1.039273965,2.740630422,0
2.018049243,2.984796335,0
4.383972408,-4.782449751,0
1.984283323,4.539679724,0
3.49770372,-0.581907181,0
-0.290877472,-0.647232827,0
-0.514204148,-2.650070848,0
3.395599839,-2.306029871,0
-4.984354116,4.261633549,0
0.914351016,2.54985339,0
-3.273402469,0.605386773,0
-3.535728771,2.22745515,0
3.67414857,-1.35028695,0
4.141364819,-3.203786248,0
1.773331133,3.444561196,0
-1.3360473,-4.095220628,0
2.247502215,3.180781753,0
2.745585679,1.665955624,0
-1.476112874,-4.206262203,0
-2.284681371,-3.089583276,0
3.518310715,-0.349281614,0
0.674498002,2.48445209,0
2.683947776,1.513993726,0
1.880152985,4.666098653,0
-1.354220884,-3.778943102,0
-0.607519906,-2.769102714,0
3.597153011,-0.900785646,0
-4.550295162,4.086565261,0
-3.519122985,0.710919457,0
0.984292633,2.643082969,0
3.549976486,-0.738378287,0
-0.010517598,-0.691382333,0
1.308076272,4.528625566,0
1.729924486,4.578812516,0
4.847305561,-4.664312493,0
4.049562281,-3.559140993,0
-1.662879325,-4.491670608,0
0.417732878,1.95492076,0
2.107109509,3.262819827,0
-1.855119325,-4.562930794,0
-3.918018783,2.514001955,0
0.236266751,0.00409513,0
1.720243488,4.61374213,0
3.153192683,-0.123666301,0
4.345737142,-3.814935887,0
-3.846460949,2.169546263,0
1.160507684,3.917928904,0
-3.405367471,1.935195712,0
3.126376073,0.423889069,0
2.291794529,3.494250742,0
-1.957363756,-3.0805515,0
-0.034308359,-0.604721892,0
-0.523265069,-2.004095304,0
-1.48790387,-3.527113516,0
3.099557173,-0.149772278,0
0.069392731,0.278836589,0
4.519894763,-4.676750645,0
2.983963818,0.414599327,0
-3.754062238,2.838656618,0
-3.964139186,3.635835843,0
2.067717435,3.7783731,0
-0.702559112,-2.171008876,0
2.221372165,3.128002799,0
-3.611264566,2.382835833,0
3.691471908,-2.419968974,0
-2.270244316,-2.883641405,0
-3.877244575,3.291412842,0
-1.764134741,-3.983022064,0
-1.86739428,-3.422963132,0
-4.782103065,4.208040866,0
-3.824593199,2.456773601,0
2.079213208,4.041476524,0
0.032614153,-0.717345442,0
-3.984693345,2.651032591,0
-3.342266884,-0.039084551,0
4.530491519,-4.486312591,0
2.217952707,2.803905484,0
-2.458582914,-2.079965554,0
2.474425219,2.574911518,0
2.017086381,3.20996077,0
-2.153276026,-3.273661149,0
-2.759034855,-1.186647402,0
-3.11953617,0.271230229,0
2.150928825,2.850828745,0
1.954758754,4.05682912,0
-4.779626362,4.5899048,0
-1.42486223,-4.142055403,0
2.737359153,1.268805571,0
0.105581395,0.635164707,0
4.781074489,-4.19155183,0
-4.698585281,3.903847261,0
-2.943539291,-1.156213475,0
3.657560712,-2.06196141,0
1.88906207,3.457308334,0
2.543385776,3.171634435,0
-0.824925909,-2.704905551,0
2.190578368,3.528237129,0
2.0832318,4.436388072,0
2.710651059,0.980858333,0
-3.816895527,2.512358266,0
-0.677252279,-3.316010926,0
3.938324144,-2.472104161,0
-1.224664128,-4.187001866,0
3.341545453,-0.823735972,0
-1.794096709,-4.209865239,0
-2.640557392,-2.376027439,0
3.07099821,-0.234838891,0
3.698933646,-2.277523325,0
-0.601128577,-2.760237895,0
0.951683952,2.985359258,0
-4.977560507,3.455383912,0
2.117510405,3.913509258,0
3.304912057,-1.387193331,0
2.339130996,3.357273402,0
-2.32998681,-2.442525302,0
4.258888315,-3.904825651,0
0.413110047,1.487197236,0
0.135922995,0.590373435,0
0.996878075,3.647445211,0
-1.711253931,-4.251052286,0
3.030950963,0.420840192,0
-2.921232106,-1.529004754,0
-2.113145057,-3.604269943,0
1.792373541,4.042982138,0
-3.266467471,1.275800224,0
-3.608650831,2.404599057,0
-2.539401541,-1.561218524,0
-1.129274601,-4.097836589,0
0.286762586,1.311803148,0
2.121159779,3.215794009,0
0.37887967,1.649968181,0
-0.80227229,-3.853294574,0
-0.201491972,-1.298549871,0
2.011153395,3.912253429,0
-3.225695419,0.590685791,0
4.130199361,-3.498652063,0
0.746376633,3.105664872,0
1.848191754,4.319961446,0
4.6105032,-3.777950485,0
3.681340145,-2.380434566,0
-1.541682393,-4.241390129,0
-2.840977034,-1.674085973,0
2.480587519,2.32467317,0
-3.903421056,2.043829856,0
-0.042945442,0.043712001,0
-0.160336054,-1.241800935,0
-0.094077468,0.433088724,0
3.871726531,-2.621000542,0
-0.315123999,-0.508741346,0
4.954911568,-3.369989819,0
-0.565288395,-1.904831997,0
-2.323440157,-2.692765534,0
-2.918462579,-0.593097188,0
0.725479294,3.593822492,0
-2.051733765,-2.771360514,0
2.389603446,2.797372163,0
4.794542827,-3.644039202,0
1.456046232,3.526105632,0
-4.58986877,3.395666051,0
-3.580296708,2.329147046,0
-4.002759503,2.921297208,0
-2.587169895,-2.408917432,0
3.870175898,-3.881795121,0
1.465775087,4.3938888,0
2.571820384,2.37109453,0
-4.293312691,3.540727834,0
-2.279758877,-3.472669045,0
-0.266514882,-1.889330783,0
-4.314150286,4.040860337,0
-4.320091407,4.35785028,0
4.641722194,-3.985088633,0
-4.916186179,3.867503047,0
3.013705665,0.46869056,0
2.2594291,2.771836184,0
2.67931744,1.768067118,0
-0.735988626,-3.296004827,0
-4.245588912,3.037203016,0
3.781183362,-2.750621443,0
-1.237718349,-3.364866314,0
-2.723493269,-1.214752771,0
-1.224881087,-3.355289403,0
1.418491816,4.591216335,0
-2.418491102,-2.905287722,0
-2.780290567,-1.427133409,0
-3.360672642,1.539198714,0
0.731854965,1.825373526,0
3.416265764,-0.974823006,0
-0.599705582,-1.642756401,0
3.01881019,1.014040427,0
0.666539755,2.750849096,0
4.348335804,-3.177360114,0
-4.268691975,3.974093764,0
2.953200389,0.344810252,0
4.625106603,-4.355428685,0
-2.505161897,-1.803505738,0
-0.760314164,-2.679026088,0
0.162219689,0.591628029,0
-3.437279025,1.506878922,0
-1.977013056,-3.565009008,0
-4.342938794,3.878026226,0
-4.176747857,3.508378424,0
3.7243116,-2.689005318,0
4.254905335,-3.727873342,0
-0.240929688,-0.421741211,0
-1.719169763,-3.82739672,0
-2.057700523,-3.181756211,0
-3.213179791,0.943548167,0
2.850810091,1.309940025,0
-2.767682853,-1.149358246,0
-0.33528456,-0.716759216,0
-4.942988781,4.438089836,0
0.082402574,1.040604553,0
0.641933521,1.555967148,0
-3.791783196,2.972323535,0
-0.580466334,-1.740888489,0
2.392077113,2.825057649,0
0.638116768,2.815670731,0
-2.149990483,-2.905439331,0
2.667895302,1.836620092,0
-0.708721546,-2.428800558,0
-3.696715424,1.608082138,0
4.648385711,-3.518680782,0
-2.474141417,-3.197570368,0
-1.745206253,-3.856850305,0
-4.512065211,2.999953541,0
3.175296229,0.283556232,0
-1.842661405,-3.278250187,0
1.871699099,4.359641692,0
-3.263198324,0.452115903,0
-0.293333477,-0.977956269,0
0.495521524,3.022107281,0
3.144788281,0.394798365,0
0.47470612,1.80170991,0
3.436919823,-1.093439549,0
0.801803798,2.941278059,0
3.772889648,-2.408577228,0
4.319011071,-3.65913252,0
-1.729424794,-3.48269523,0
-3.217564994,0.487383591,0
2.221014868,3.68587058,0
1.485896781,5.085079645,0
3.670494363,-2.062331849,0
1.555584604,4.097288487,0
-3.674831502,1.994703301,0
-3.397469113,1.63515444,0
2.763604964,0.94439935,0
-1.050290379,-3.032058391,0
1.022293188,2.803708128,0
0.641307258,1.588199478,0
3.31797394,-0.239002027,0
-3.271567014,0.533067881,0
-4.430641579,3.631858531,0
-4.418540807,4.416221909,0
-1.862944029,-3.159050893,0
-4.199942311,3.474825043,0
-3.870780945,2.578200242,0
4.352571047,-3.008391079,0
1.363084223,4.325561474,0
3.061669942,-0.475860676,0
-2.880036498,-0.467011215,0
3.580427533,-2.308339076,0
-2.826477459,-2.000386805,0
-2.223195625,-3.713598787,0
-3.088893436,0.060602382,0
-2.645751624,-1.07027376,0
4.179638545,-3.093569557,0
-0.88032132,-2.370723108,0
3.309204197,-0.336869723,0
-1.827784711,-4.173683193,0
-1.718829672,-3.502221067,0
4.673044637,-3.231650836,0
-0.435667383,-2.469217097,0
-0.189240295,-1.629638629,0
0.545182088,2.107894222,0
-2.730423938,-0.693070307,0
-4.657902818,4.368151938,0
-2.775444579,-1.32434391,0
-2.055774471,-2.859773173,0
-0.768936134,-3.775131762,0
-3.765998392,2.825548196,0
2.112625395,4.079421855,0
4.413101471,-2.99717823,0
-3.263231514,0.757509208,0
-2.702052474,-1.222998297,0
3.834681285,-2.661567213,0
1.394204816,3.367398877,0
4.005234519,-2.019712079,0
-0.704882308,-2.333864908,0
3.260630234,-0.451250928,0
3.975320521,-2.65761861,0
1.353982475,2.772325922,0
-3.584111945,2.347418688,0
-2.482986404,-2.05398897,0
-3.964934961,2.647018856,0
3.821286042,-2.483009947,0
-2.691557754,-2.137620689,0
-3.379461248,0.500152363,0
2.187960187,3.12224743,0
-3.983527047,3.727040352,0
0.782091427,2.305314123,0
0.716911789,3.051300372,0
-1.548042248,-3.355694929,0
0.547006605,2.441425431,0
1.262771033,3.569742882,0
-1.252644507,-3.156393044,0
-2.268447683,-2.951142107,0
0.127212976,0.477910034,0
1.715011278,3.939612083,0
-3.087855913,0.722188546,0
3.689062402,-2.865097188,0
0.542333464,2.797973575,0
-3.438773281,1.735078499,0
-1.912505773,-3.480269367,0
0.238641209,0.905595623,0
-2.494833155,-1.034038856,0
0.025946572,0.584914376,0
0.788261832,2.438037055,0
-3.51346455,2.025307061,0
2.573412561,2.027446586,0
-3.216104112,0.153434909,0
-2.133917268,-2.981199581,0
-0.302100901,-1.191661293,0
-3.293646299,0.589195606,0
-0.877046981,-2.494060483,0
-4.90683272,3.396730056,0
-0.345752735,-0.712290849,0
-2.05777847,-3.086220703,0
-1.540439404,-4.143673373,0
-4.752464136,3.070747558,0
2.08905743,4.32520745,0
-0.820072477,-3.432653877,0
-4.530119656,4.07627396,0
-4.307317561,3.296234667,0
2.660147161,1.983922682,0
-4.617917596,3.297387647,0
2.314168497,3.231195553,0
-2.376041536,-2.21014008,0
1.339801536,4.575974509,0
-2.7653149,-1.166812975,0
-0.04443197,-0.795863664,0
0.095853475,0.003434148,0
4.682127258,-4.303229832,0
1.964755482,3.305451378,0
-3.540816628,1.60041709,0
-1.691738686,-4.238548831,0
3.13225402,0.200312427,0
1.158577621,3.60800628,0
-0.355369716,-0.682766081,0
4.497503659,-4.208314785,0
-2.680481395,-1.876252812,0
-0.896515688,-2.541707626,0
2.324769229,2.121685286,0
2.390435713,2.818149556,0
-2.226906396,-2.946568573,0
4.611532909,-3.855572143,0
1.6378133,4.252377127,0
4.760297653,-3.81485015,0
-1.731234691,-3.815261152,0
-0.248550137,-1.351862261,0
-0.338344581,-1.150289974,0
3.121221846,0.209002807,0
-1.832217285,-3.905037939,0
-0.83163107,-3.275536655,0
4.199311249,-2.134682979,0
1.491487911,0.077965587,0
3.699493571,-3.690335271,0
-2.566595627,-3.040450325,0
-2.48423639,-4.06792689,0
-1.488499907,0.823931373,0
-0.385717838,2.880014068,0
1.700810392,0.22221786,0
4.451595116,-0.765065788,0
-3.99389707,-1.957869532,0
-3.023364739,-4.545723602,0
-1.376170167,-0.232247083,0
-2.856412029,-3.222691337,0
0.823344353,1.582086377,0
0.965764571,2.456649537,0
1.70353784,0.134964593,0
2.387624402,-2.692135577,0
0.054240688,4.456611392,0
-2.322927965,-2.329830046,0
-2.011023078,-1.59245072,0
-3.671191833,-4.033938628,0
-0.09553693,4.047375975,0
-3.13324803,-4.429865656,0
-4.835314299,1.135080133,0
4.326282679,-0.949488119,0
2.298296944,-3.184464344,0
2.956824044,-4.93956325,0
-4.907988242,0.754751187,0
0.625561762,3.653509113,0
4.113683649,-1.532029626,0
-4.144851402,-2.500586162,0
1.062284622,2.178844159,0
-3.978450552,-2.746374189,0
-4.569090195,-0.633869362,0
3.611204792,-3.621621171,0
-3.34225582,-4.903414892,0
-0.000914368,3.209511481,0
-0.978998083,1.757245001,0
-1.191426525,1.951092489,0
-3.636942192,-2.316073219,0
-0.17161669,4.004311143,0
-1.893047111,-1.749602868,0
-1.005871592,2.121398331,0
0.706734215,2.515106929,0
1.985146059,-1.739331782,0
3.999612457,-2.03950857,0
2.367248069,-2.865530328,0
-2.175993489,-2.342243244,0
-2.680369676,-3.726137047,0
4.050357793,-2.136651542,0
-2.470099137,-3.407832384,0
-2.326070908,-2.136659294,0
-3.452875973,-4.016400278,0
4.647519453,-0.466164562,0
-1.398420332,0.212152981,0
0.375513427,3.559257067,0
-1.164541701,1.608599634,0
3.633492668,-3.605317969,0
-0.992011817,1.619790264,0
-4.805447678,0.50519697,0
0.730951771,2.95475053,0
-4.962695427,1.354700537,0
-0.40883658,3.330300712,0
1.70985481,-0.516493635,0
4.735160954,-0.299192799,0
-0.268473979,3.894674547,0
2.374346745,-3.00908478,0
0.282784821,4.152794587,0
-3.117023238,-4.335951212,0
-4.953683198,1.670161107,0
2.012363311,-1.731143673,0
4.854522194,-0.051285527,0
-0.820041066,2.776115005,0
1.228241371,2.013815336,0
-0.201821076,4.220355009,0
0.477247746,4.350549013,0
2.43317459,-3.032846077,0
4.85005551,0.75207891,0
2.003896337,-1.560355205,0
-3.052815113,-4.210044876,0
4.691823013,-0.221572524,0
-4.967895865,1.306024175,0
2.068122902,-2.032388235,0
3.738250874,-4.521598174,0
0.242649463,3.70782905,0
3.483421896,-4.243105097,0
-4.085307447,-3.063671429,0
-4.063265636,-2.080693085,0
-3.573346909,-3.640054703,0
4.193585149,-2.047402997,0
3.606123542,-2.629079569,0
3.591157785,-3.632720357,0
-4.101105698,-3.45584337,0
-4.38788587,-1.17480905,0
-3.041236852,-3.640276046,0
-2.897638958,-3.654031834,0
-4.159220234,-2.626764217,0
2.261760733,-2.264861013,0
2.74000312,-4.087151975,0
-0.652669026,3.142218441,0
-4.927372488,0.583463784,0
-2.443860294,-3.523989848,0
3.420693567,-3.509475366,0
-1.139855236,1.519649803,0
0.286749576,4.308383058,0
-0.982717697,2.109336077,0
4.404315599,-0.246364886,0
3.741877191,-2.855406051,0
0.949652437,1.871635764,0
3.236385596,-3.564538353,0
0.31687896,3.927236168,0
3.43422164,-3.79425728,0
-0.287979969,2.830353687,0
-4.191131087,-2.412394162,0
1.413678417,0.554397754,0
-2.783318097,-4.092509881,0
4.929182534,1.989743853,0
-4.403185544,-1.16562107,0
2.128017279,-2.662777894,0
1.458293523,0.969355778,0
-3.544987964,-4.23267042,0
-3.374899619,-3.69576413,0
3.380653423,-4.576759117,0
1.823379558,-0.995237689,0
2.592324559,-3.08290452,0
1.761963363,-0.798760322,0
0.776257517,3.100428395,0
-2.87513372,-4.169033826,0
2.236481414,-2.812553194,0
-4.586457117,0.269015945,0
3.619485479,-3.662955989,0
-1.775988592,0.006105908,0
2.811569744,-3.688022889,0
-4.91988614,0.864482643,0
0.268913514,4.119511917,0
-4.021675705,-2.794222482,0
3.235300451,-4.646933831,0
-1.630576134,-0.435087167,0
2.046660047,-1.757349813,0
3.30879532,-3.846083373,0
1.150796688,1.184006647,0
-4.258179935,-2.286421986,0
3.141674809,-4.809237046,0
-3.566515977,-3.054492641,0
1.217870063,1.548548834,0
3.187885105,-3.977336501,0
1.459789441,0.617659817,0
3.055186982,-3.265987713,0
2.718359241,-4.30890759,0
1.328351565,0.906435307,0
-0.98573375,2.873740358,0
4.409698099,-0.574651579,0
3.759053233,-2.973474512,0
2.353751794,-3.613366705,0
-4.389153023,-0.663857445,0
-0.867452428,2.340313973,0
2.704881805,-4.152485597,0
0.994585447,2.382144317,0
-4.348961781,-1.169862185,0
1.708833107,-0.066828643,0
-1.305417414,0.221448225,0
-1.445276672,0.428974931,0
-1.95621623,-1.721920691,0
1.994077694,-1.311205191,0
1.909492631,-1.832759475,0
-0.213237957,3.635694957,0
-2.852088511,-4.101215408,0
4.872756866,0.008947093,0
-1.763003764,-1.142671634,0
-4.794104809,1.185859936,0
4.001674796,-3.111843045,0
-2.567604163,-3.710317757,0
3.885086724,-3.079161935,0
-4.330780488,-1.715712554,0
-1.416730476,0.280160899,0
2.529485328,-2.686523955,0
-4.947066538,0.795700971,0
-2.233297708,-2.449624473,0
3.261446347,-3.645017041,0
1.156186492,2.400624999,0
-1.063985806,2.668328675,0
4.768672572,0.431654721,0
-1.851067638,-1.747626823,0
3.121243087,-4.248222426,0
-0.419505627,4.249328968,0
4.163569238,-1.899957206,0
0.95273003,1.344291506,0
2.716489539,-4.492687904,0
3.163442018,-3.551494813,0
-4.708641986,0.021712884,0
-0.977436162,2.670521848,0
-4.041341415,-2.520451929,0
4.166209095,-2.765833676,0
-1.313823054,0.410544747,0
-1.232870675,0.39604683,0
3.985753779,-2.466775064,0
-1.011986483,2.016367483,0
3.901980948,-2.230577528,0
4.598060066,-0.809992702,0
4.887338749,-0.072789964,0
1.76636413,0.110461893,0
-2.999663693,-3.65552728,0
-1.744562211,0.399533027,0
2.108736157,-2.845016895,0
3.441146959,-4.347312795,0
4.658988605,-0.469858261,0
4.00639652,-3.65575918,0
3.767202571,-3.452228483,0
2.952876478,-3.38982208,0
-1.611932735,0.0733135,0
-4.392320614,-1.110305433,0
0.717624689,3.519442573,0
-0.548223981,3.099535678,0
-0.723525241,2.591420034,0
-0.975130834,2.269066752,0
-3.180617585,-4.363831838,0
4.659691544,-0.365550276,0
-1.101570963,1.942948276,0
1.780869083,-1.558397564,0
-3.596711096,-3.919779399,0
3.401004123,-4.107030769,0
-2.264047987,-2.966921175,0
0.636682974,3.86451794,0
0.44847558,3.253488117,0
3.644769052,-4.21526006,0
-0.502082135,3.146953193,0
-4.51483632,-0.776145219,0
0.56811084,3.181903324,0
-4.452964752,-1.524189334,0
1.005787549,1.412008438,0
-2.922139207,-4.286228342,0
2.370694082,-3.048157394,0
4.21393702,-2.884140627,0
-0.132140289,4.622872359,0
-2.300607562,-2.648780589,0
-1.166975801,1.364261751,0
-1.197738007,1.910284452,0
-1.535434832,-0.76755162,0
-2.955462225,-3.884906558,0
2.996244631,-3.896935603,0
1.044940068,1.243045718,0
0.967295812,2.567683719,0
-1.23207334,1.498265428,0
-3.429551753,-4.065859861,0
0.85669203,3.431031071,0
3.688120362,-3.323266211,0
0.54900706,3.488021486,0
2.237157787,-2.688659202,0
1.269012094,0.710869555,0
2.213918194,-2.33164901,0
4.773990251,0.547128664,0
3.122646182,-3.348669327,0
-4.072664226,-1.081802494,0
2.941886494,-4.045207,0
3.450074594,-4.446900334,0
-0.473666883,3.599963408,0
2.029677501,-1.838356053,0
-0.732738893,2.497626396,0
-3.162733067,-4.246126817,0
-1.617073016,0.332695979,0
0.838419823,2.79638486,0
-3.435371334,-3.705652793,0
-2.03733525,-1.839132218,0
3.219767867,-2.694830774,0
-4.766081108,-0.474391432,0
2.604275465,-4.197691322,0
1.946701261,-1.895268676,0
0.085656296,3.538052018,0
2.797238072,-4.592885124,0
0.406720426,3.757600198,0
0.892422327,2.954194673,0
-0.58347591,3.874566598,0
-2.955326007,-3.178952414,0
-2.169200864,-1.467901515,0
2.74037289,-3.800782673,0
1.340655747,0.680294888,0
-2.051714377,-1.38463675,0
-1.945648531,-1.334587252,0
-2.762864174,-3.708597054,0
-3.42804584,-4.196677153,0
-0.58165651,3.277138618,0
3.489903528,-4.383338174,0
-4.328709887,-1.118349146,0
2.887478981,-3.888504913,0
0.325899262,2.627271115,0
-0.963958579,1.717748291,0
0.8831432,2.620351676,0
-4.328372048,-1.457266434,0
0.283837195,4.03059386,0
-2.571666902,-3.405887398,0
-1.314253737,0.949021922,0
-3.14720507,-4.186911003,0
-1.961833471,-1.30930516,0
4.683009293,-0.807827416,0
4.612109496,0.394445077,0
-2.669828022,-3.487377092,0
-4.841612321,0.778165099,0
1.388969887,1.080767288,0
-0.36247045,4.165306904,0
0.891620114,2.715354204,0
0.171317048,2.891429346,0
1.162362325,1.665830588,0
1.054344615,1.737625282,0
4.829134871,0.12039618,0
3.87873953,-2.175750136,0
2.563602051,-2.876441534,0
2.575923803,-3.60489372,0
0.609117928,3.136338146,0
0.493008541,3.598662432,0
4.157400667,-1.961596158,0
-3.194340337,-4.376418798,0
3.526977452,-3.841623093,0
0.019389389,4.100743141,0
-0.744042753,2.725058169,0
0.730611898,2.483577241,0
-1.105311899,2.131924214,0
-0.405706386,3.826607615,0
2.427953533,-3.152976141,0
-4.44224328,-1.311357074,0
1.798634029,-0.840448674,0
3.790879219,-2.890400529,0
0.668148254,3.311172368,0
3.551575739,-3.832979748,0
2.879110733,-3.437224293,0
4.254429517,-1.658699107,0
0.640845012,3.025563386,0
-1.039305578,2.404828376,0
-3.895327358,-3.872336094,0
-4.766519493,1.470752066,0
-3.126803522,-4.330537415,0
-4.09623509,-2.18565179,0
-0.660165567,2.551001884,0
-1.688620723,0.566314163,0
3.991361151,-2.4028973,0
-3.563303659,-3.368386534,0
-2.985991794,-3.189157374,0
-3.441969419,-4.317610793,0
-2.162100649,-2.960238803,0
1.4668334,0.233312926,0
4.356068042,-1.063747587,0
-1.880583153,-0.627776451,0
-4.853020697,-0.33419794,0
-0.199271219,5.460303653,0
1.665305558,-0.456517055,0
4.842700583,0.208326815,0
-0.769308368,3.580820215,0
-4.95576239,0.608428548,0
2.242285418,-2.014793121,0
1.510920676,-0.008306854,0
-3.73303636,-2.95303479,0
4.848441805,1.089304051,0
1.672939742,-0.011925469,0
4.338645001,-1.724651663,0
-2.08928254,-1.707359082,0
-2.396407712,-2.654263665,0
-3.305573442,-3.761344498,0
0.801678051,1.797585323,0
-3.935206521,-2.627476628,0
3.322715214,-2.885163254,0
-1.508925932,0.143446147,0
4.682611707,0.061536644,0
2.041123528,-1.465036196,0
-4.180893593,-1.262178408,0
-0.50170799,3.939301319,0
-1.047122153,2.440571155,0
-4.457940874,-1.670948816,0
0.684221762,3.593422534,0
-2.262260956,-2.763739917,0
3.385007663,-3.302107928,0
2.292140718,-2.710353101,0
-0.680932768,2.924880281,0
2.540676368,-2.641864045,0
-3.127621529,-4.300732831,0
3.198047616,-3.637126327,0
-0.814701768,2.558452016,0
-2.249571779,-3.08826443,0
-0.600196531,3.330999808,0
4.770756434,0.596872371,0
-4.720040781,-0.290034556,0
1.065717558,1.868274193,0
3.192936,-3.594277822,0
3.845990836,-2.529592206,0
-1.432461478,0.535734682,0
-2.283420486,-2.682773356,0
3.087071495,-3.908382777,0
-2.047061222,-2.872451139,0
-4.025146009,-3.276461011,0
-2.898569549,-3.661408579,0
3.902819236,-3.113405304,0
1.434838697,0.55117276,0
-0.896530296,1.950475715,0
-4.69604718,0.359368197,0
2.789785431,-3.544797789,0
1.162731606,1.037874387,0
-0.877608606,2.715247689,0
2.326597683,-2.639565166,0
4.221134193,-2.461721608,0
3.018536533,-4.363582186,0
3.544340758,-4.348531408,0
-0.18501224,3.706223499,0
2.774982408,-3.911958695,0
-4.864665898,1.224968376,0
-1.507375827,0.990777795,0
0.360640492,2.75691217,0
2.053442036,-2.141339191,0
4.649969148,-1.206347807,0
3.872484702,-3.402465727,0
1.44469636,1.038004328,0
-4.118336549,-1.397846056,0
4.547536946,-1.272357535,0
-3.604390095,-2.767188836,0
2.338398187,-3.639692284,0
1.411024339,0.956487437,0
-1.315189798,1.237222027,0
-3.181264692,-3.531231068,0
-3.714072974,-3.441183688,0
-4.816937738,-0.099618473,0
4.018355145,-3.16885681,0
3.757660021,-2.874161252,0
4.410835232,-1.504913134,0
-3.949114345,-2.766620295,0
-0.283569782,4.388305837,0
0.897816061,3.39518403,0
4.212061896,-2.370877262,0
3.226919537,-4.256708411,0
4.192128507,-2.688349674,0
-3.766439904,-2.260930236,0
4.481964305,-0.449320868,0
-2.271031209,-2.928300877,0
3.945914388,-2.365054671,0
1.36383631,0.464012917,0
-0.274899432,4.159885254,0
-1.774321136,-0.285015173,0
-3.160931675,-3.490618677,0
-0.001709028,3.755450465,0
2.447463574,-2.54490572,0
4.567463852,-0.749284275,0
4.286820726,-1.137073645,0
0.718992285,2.781916829,0
-0.412348025,3.346085592,0
0.842965869,2.91590019,0
1.032588715,1.712962962,0
4.897403449,0.489838978,0
-0.857031094,2.577207718,0
1.936514366,-0.857539766,0
4.005518353,-3.13187383,0
-2.890382684,-4.54477905,0
3.842311415,-3.655823997,0
0.295625725,3.192507526,0
-2.700271145,-3.901452687,0
2.591978761,-3.446767897,0
-4.601807881,-0.621045442,0
4.199113119,-2.449515293,0
1.593760333,-0.158014902,0
-0.116719776,4.939641649,0
0.996153967,2.707681871,0
-1.718144647,-0.184364551,0
4.791979759,-0.46804079,0
0.172988316,3.965845906,0
-2.462201186,-2.475107284,0
3.236050787,-4.335348579,0
2.46176058,-3.289864295,0
4.183169757,-2.342818217,0
0.798481302,2.512760459,0
3.071058728,-4.20340229,0
3.697091772,-3.646231356,0
1.68392038,-0.418262206,0
4.851494252,0.996801576,0
2.965332267,-3.796073368,0
-2.503243219,-3.514918911,0
4.575707652,-0.792742019,0
-3.479032477,-4.107038079,0
4.036851241,-2.181533723,0
-4.08512936,-1.999359156,0
4.581929622,-0.916110587,0
1.168676284,1.12617657,0
-0.477093349,4.332100684,0
-0.274604398,4.351787217,0
-4.270018502,-1.160849952,0
0.740709794,3.593514273,0
0.957868616,1.921009057,0
4.083555089,-3.053673186,0
1.783534258,-0.842826843,0
-3.729447429,-3.101143929,0
-2.462512057,-3.695288711,0
-3.690584814,-3.229686294,0
3.640074837,-3.746368347,0
-2.711722958,-3.838267015,0
-4.42447928,-1.459126705,0
1.859788774,-1.122459837,0
-4.434733833,-1.621641225,0
-2.738279235,-3.853099234,0
1.088810193,1.714370571,0
-1.397971872,1.140043383,0
1.616356375,-0.353416117,0
-2.87333006,-4.095867073,0
1.118453168,1.451434631,0
1.445461847,0.816351739,0
-3.971296418,-3.601862664,0
3.071149187,-3.494962393,0
-1.414788535,-0.204597424,0
-1.734296784,0.089718334,0
-2.636146147,-3.233508633,0
0.101095089,4.654707965,0
4.525244718,-1.317861863,0
-2.006473059,-2.693942202,0
-1.25763918,1.848007146,0
2.587482475,-4.538478328,0
4.868632213,0.803929988,0
0.748376092,3.59555201,0
2.393322436,-2.707690215,0
-3.506250586,-3.274489175,0
-4.538277164,-0.289976226,0
-0.749271489,3.040868734,0
3.661789605,-4.052785316,0
2.167068936,-2.180632136,0
-4.535763236,-1.132840204,0
1.713986821,0.073809535,0
4.506977769,-0.259030195,0
-1.676182495,-0.945208845,0
1.573666031,-1.019126901,0
-4.593099894,-0.498691937,0
-1.132271476,2.109389322,0
-4.33521261,-0.750922928,0
1.359098621,0.490123064,0
-0.410825035,3.898499514,0
2.47584464,-3.21299709,0
-4.81850157,0.361020341,0
-1.955307263,-1.555068972,0
-1.354598966,-0.125608174,0
-1.964626871,-2.325400936,0
-2.301812994,-3.144679962,0
-2.2123335,-1.923958905,0
3.913597155,-1.662918058,0
1.047846156,2.060824036,0
-1.805410876,-1.412666174,0
-3.168585459,-4.018553521,0
2.058770088,-2.402187806,0
-2.386328194,-3.041313831,0
-1.001798895,2.73138975,0
-2.122751125,-2.103423356,0
0.626516736,3.173752678,0
-4.762014316,0.054318388,0
2.684539142,-3.267197486,0
-4.328888117,-1.7729363,0
3.668400301,-2.852370891,0
1.815869473,-1.179144229,0
-2.1909908,-2.531642106,0
2.862535308,-4.319203551,0
2.273773106,-2.747987097,0
-0.76452858,2.914748326,0
-4.644805396,-0.34969828,0
-2.361194117,-3.410769812,0
-1.994914683,-1.512570437,0
3.110731656,-4.02150225,0
0.490878653,3.891573071,0
2.138189168,-2.489776088,0
3.445908651,-3.778259166,0
3.079029426,-4.382447061,0
0.835527233,2.721114314,0
4.981008747,0.931819697,0
-3.416772604,-3.537839128,0
3.179132564,-4.334340305,0
-0.463526607,4.2922481,0
-1.513536687,0.207196446,0
-3.877109298,-3.583842874,0
-0.016044753,4.046835422,0
0.991717735,2.859248467,0
-2.597790828,-3.121448964,0
4.758106312,0.980304661,0
-0.482557022,3.547967246,0
-1.575598181,0.183943177,0
2.703440737,-3.503757972,0
-4.001854497,-2.834753466,0
4.384833286,-1.42623304,0
-2.874593802,-3.563187527,0
-2.517525274,-3.370111288,0
-0.80932725,1.547215644,0
-1.438773456,0.351568633,0
0.03302695,3.523285783,0
-4.467508716,-1.686295878,0
4.6326067,0.018469367,0
2.464505136,-3.124725556,0
-0.810165121,2.693479213,0
1.230099995,2.283621666,0
2.864701867,-3.877815837,0
-4.646986392,-1.421591944,0
2.527121308,-3.167770953,0
-4.030197042,-2.182385336,0
-0.682818694,3.33071952,0
-4.88395978,0.157701105,0
0.95558871,2.592774051,0
2.883568632,-4.272972934,0
1.286117062,1.087754171,0
-3.351580673,-4.181995126,0
-0.622351079,2.791255044,0
2.132308569,-1.794128677,0
-4.942479569,0.761008557,0
-1.388664313,1.196216879,0
4.026169649,-2.64418499,0
-4.079872041,-1.398178318,0
0.026329251,4.44390725,0
-4.538720855,-1.147413109,0
4.957436607,1.387913813,0
0.111405954,4.101588985,0
3.104721052,-3.961583356,0
-0.457180024,2.584278902,0
-3.605298176,-3.998113845,0
0.391424587,3.625974713,0
1.299528833,0.725314338,0
0.25591128,4.999078588,0
4.279052424,-1.628026455,0
2.9479998,-4.472736968,0
2.922337151,-3.383945348,0
-3.307757117,-4.498642138,0
-4.863041823,0.796198955,0
2.426879825,-3.71164184,0
1.214345025,1.40018976,0
-0.518452565,3.803071006,0
-3.496808079,-3.789027469,0
-3.152798158,-3.753482738,0
4.314989632,-1.858283042,0
2.573314873,-3.71347718,0
1.048206836,1.885410737,0
2.39545868,-2.116147022,0
-3.810763028,-3.041229538,0
-4.348278104,-1.384037341,0
-4.955188716,1.22495613,0
1.999107441,-1.907214236,0
2.306019932,-3.347495349,0
2.825689169,-3.998174638,0
2.581000547,-3.31268608,0
2.357697424,-2.734541562,0
-0.983227019,1.770324637,0
2.238307046,-3.007546865,0
-0.990154787,1.385004731,0
-3.804372393,-2.563350764,0
-2.45398296,-2.925093236,0
2.498822026,-3.183374018,0
2.01077851,-1.529149744,0
-1.35001326,1.595064691,0
2.841320089,-4.482868364,0
-1.547807618,0.038075629,0
-0.621795484,3.916069773,0
1.421362096,1.213222513,0
-4.624123564,-0.064672624,0
-1.093099373,1.04708365,0
-4.132808268,-1.584003752,0
-4.009419184,-2.832717644,0
3.520654524,-4.243943407,0
-3.212112966,-3.787315785,0
-3.0892517,-3.742465632,0
-1.296215532,1.568140536,0
4.772454069,-0.587535604,0
3.850571809,-3.107893943,0
-3.028951283,-4.192778279,0
0.752659086,3.251307531,0
4.901902915,0.249797718,0
3.587366166,-3.882817986,0
-0.329588766,3.517028873,0
2.122676321,-2.72693462,0
-2.583535314,-3.771708754,0
-1.586684827,0.795808943,0
-1.554313225,-0.436412766,0
4.685192944,-0.460120625,0
0.901792564,2.346089478,0
2.003548532,-1.903541118,0
-4.503507619,0.244338907,0
1.961338113,-1.856425278,0
-0.183680521,4.519944402,0
0.138796808,3.827116105,0
-1.948841193,-1.46567685,0
-3.752524168,-2.950168593,0
-4.65751244,0.569897578,0
-3.75573281,-2.542312954,0
-3.53117645,-3.493629659,0
-4.916657305,0.170241715,0
-2.960469062,-4.18361827,0
-2.081724256,-1.359780217,0
3.25745177,-3.786417887,0
-0.511648152,2.514205332,0
2.155474757,-3.056428086,0
-0.183496955,4.380396917,0
-1.189056353,1.526843861,0
3.156513905,-3.56563277,0
-4.459529552,-1.033918847,0
4.352082289,-2.098371942,0
2.554182711,-3.935588361,0
-2.461643433,-4.040494859,0
-1.561465072,0.227983424,0
-4.867539601,0.513773312,0
3.156318231,-3.331870042,0
2.258281738,-2.892055886,0
3.186998421,-4.764901996,0
4.309233935,-0.681533481,0
2.969700976,-3.636799217,0
-3.592354483,-2.509357907,0
-0.777977922,2.053791289,0
2.967360744,-4.464880288,0
-0.850556956,2.381900192,0
4.063485451,-3.477854301,0
4.869535749,-0.749566867,0
1.975708029,-1.785554468,0
4.934340438,1.419695986,0
4.868765802,0.8607738,0
1.50633411,0.405890717,0
-0.888895048,3.027044248,0
3.6545123,-3.79953218,0
2.198862482,-2.756810486,0
-3.653302179,-3.462807004,0
-0.922914147,2.047119007,0
-0.68423568,2.944751463,0
1.537009571,0.269287554,0
1.645211866,-1.021660843,0
1.067127453,1.603624664,0
2.384759476,-3.148922585,0
1.623784269,-0.622607203,0
1.317037605,1.652405224,0
-0.235503702,3.538639351,0
2.658263519,-4.252849639,0
3.802630757,-3.516797843,0
-0.737421154,2.969755456,0
-4.19139469,-2.180743393,0
-4.786266941,-0.202849877,0
-3.894522123,-3.64844005,0
-3.672638158,-3.831274277,0
4.973680072,0.854294156,0
2.999048191,-4.931305816,0
4.504899909,-0.166270233,0
-2.571908832,-3.350150959,0
-1.182939326,1.305345891,0
-4.186727847,-1.554715872,0
-1.164701013,0.671132796,0
0.687100608,3.138357545,0
-2.264684313,-2.497237195,0
2.033519621,-2.55031602,0
-2.477496038,-2.852324333,0
-2.397462574,-2.773575838,0
-2.054881854,-2.092154557,0
3.348398474,-3.103499318,0
4.749220796,0.241364949,0
2.884824793,-3.793014305,0
-4.433632263,-1.316781826,0
2.893888731,-4.355939262,0
0.126792381,4.035027681,0
-3.124735437,-3.698552291,0
1.226915829,1.999184475,0
4.460845531,0.310499563,0
1.523005697,0.066382411,0
3.402348461,-4.500499651,0
-4.650123396,-0.208544491,0
4.83290758,0.414333404,0
0.942300472,1.875960699,0
-0.408428139,3.423964374,0
3.726500229,-2.817315802,0
3.975827792,-2.565147682,0
3.45057596,-3.687599649,0
2.318092636,-2.758573089,0
-2.153143242,-0.906989411,0
-1.792270518,-1.567728947,0
-1.852537312,-1.87346528,0
4.457252268,-1.43632176,0
-4.896646738,0.285584674,0
1.420405111,-0.22841121,0
1.406751417,0.73714812,0
3.500650872,-3.300829462,0
2.587575717,-2.865316471,0
-2.719781925,-2.897538948,0
4.65071664,0.538865325,0
3.08369237,-4.111738418,0
2.159039488,-2.451764051,0
4.592908367,-0.011049762,0
3.442052621,-2.755910781,0
2.023997286,-1.621429633,0
1.56574497,0.028150358,0
2.279781231,-2.963923393,0
2.674382604,-3.636389551,0
-3.022325537,-4.595120312,0
4.217432516,-1.520984129,0
2.677257585,-3.593437117,0
-1.296746437,0.519187241,0
4.832711653,0.561580229,0
3.610063381,-3.52771436,0
-3.211140372,-3.799688009,0
3.602557941,-3.620617409,0
2.785429275,-3.814895239,0
3.134217202,-4.186865207,0
-4.391305612,-1.04709425,0
3.558226679,-4.348150677,0
2.897305759,-3.086349105,0
4.216837322,-1.826374285,0
-4.610400326,-0.144538645,0
-4.19898551,-1.607116629,0
3.174204347,-3.57266101,0
0.064934762,4.194315095,0
3.330955955,-3.851357064,0
1.318609363,0.760523676,0
1.262295551,0.868994824,0
4.587970704,0.289417265,0
-0.412570906,4.138179124,0
2.293821971,-2.874597917,0
-3.303263416,-4.092112783,0
-3.240273679,-3.905529359,0
-2.85689678,-3.69285115,0
-4.674343683,-0.534126623,0
-3.120251328,-4.134096826,0
-2.698180852,-3.511677704,0
0.925961987,2.186376166,0
2.947556253,-4.420423294,0
-2.383433131,-2.567909655,0
-3.500959391,-3.593166611,0
1.403338257,0.53766896,0
1.314109962,0.771637877,0
2.842626206,-3.759527791,0
0.8875094,2.821042685,0
2.310242373,-2.524223475,0
0.02547943,3.834232178,0
-3.544290478,-3.254256742,0
-0.666142011,3.254622253,0
-3.631390408,-3.710512041,0
-3.7806831,-2.833002083,0
-1.075449043,0.945565001,0
-4.797430215,1.594090813,0
-1.54005826,-0.208041937,0
-0.676280772,3.245574468,0
-0.824951562,2.105809228,0
0.401696449,4.718118195,0
-2.882144009,-3.628395389,0
-3.063273644,-3.706565373,0
-1.706635521,0.220829703,0
-3.747766051,-3.784047067,0
1.206120532,0.696124365,0
-3.722083024,-3.526565339,0
0.179894927,4.267016945,0
1.060954153,2.543804012,0
-0.336091283,2.881331438,0
-0.139771951,5.500450409,0
-3.033013251,-4.055486831,0
-1.078917482,1.577685667,0
-4.138395113,-1.464708361,0
-4.66906389,-0.528729555,0
2.682156302,-3.111393543,0
-0.582477893,3.092742179,0
-4.358205216,-1.019788062,0
2.367087002,-2.312297277,0
-4.569533702,-0.173541433,0
-0.757263626,2.642636115,0
-0.470063677,3.841062211,0
3.284287064,-3.673759311,0
-2.04850968,-1.654002398,0
-4.941350464,-0.076557625,0
1.536499958,0.314776366,0
-4.398544768,-0.185464231,0
2.885348776,-3.97327271,0
-4.406753553,-1.022968724,0
-0.281994452,4.189685134,0
3.134430232,-3.234783783,0
-3.584530263,-3.181734464,0
-3.828057349,-2.653656203,0
-4.505908731,-1.484168285,0
4.22550881,-1.377705692,0
-3.591510835,-3.815006314,0
0.092992098,4.562691694,0
0.799945295,2.71820989,0
-1.359433925,0.656105539,0
0.408333978,4.328542101,0
4.140737036,-2.465211552,0
-4.731226347,0.43184605,0
4.530426646,-0.909728992,0
-2.024856738,-2.331375416,0
4.65961765,-0.180886072,0
-3.931621711,-2.451763599,0
4.762955979,-0.118459657,0
1.54230528,0.046717461,0
-4.640959955,0.114977854,0
-3.32795457,-3.412325835,0
1.034056672,2.029505781,0
-2.285861259,-2.69015279,0
-2.654862744,-3.449794927,0
2.533817396,-4.322281252,0
-4.111392545,-3.000685685,0
0.689285016,3.307854899,0
0.587023445,3.112928622,0
-4.798250531,0.352040464,0
3.367355918,-4.445314957,0
-0.871119488,3.000614434,0
-3.742789205,-3.088429445,0
-0.886229982,1.979888079,0
3.694966955,-3.243746027,0
2.329088352,-2.646806707,0
-2.234492428,-3.038921171,0
-0.347016461,3.367736712,0
0.539519475,2.763240563,0
1.167353443,1.34483604,0
3.811286963,-3.313813434,0
0.377308733,4.336850069,0
3.345071117,-3.180212524,0
-1.116731756,0.768715608,0
-0.241677957,3.598908971,0
-4.482396804,-1.868710208,0
4.546991345,-1.082727037,0
-1.781122505,-0.300175446,0
3.464245745,-2.95254097,0
-2.266544292,-3.179770993,0
3.655875772,-2.67054289,0
-3.263000159,-4.832602557,0
-4.277687103,-1.36444507,0
-2.243628888,-2.266921949,0
-1.104919075,2.262448546,0
1.778174019,-0.902521936,0
2.260098935,-3.061048742,0
2.193585658,-2.943496805,0
0.818294941,3.124334815,0
-4.212107928,-2.235584991,0
1.158713396,1.600620034,0
-4.305081076,-1.036500949,0
2.553235025,-2.425506097,0
0.89343504,2.054929148,0
1.730688578,-0.908108263,0
4.181463695,-0.86131779,0
-0.228325494,3.196262102,0
-4.575652403,0.438036163,0
-1.320278216,1.455866833,0
1.904224018,-1.659847045,0
-0.207661905,4.323407849,0
-0.305356176,3.457029683,0
3.159137815,-3.689309103,0
-2.847989667,-3.30535413,0
-3.782323827,-2.69800221,0
-1.228046785,1.099768193,0
1.397562984,1.219011592,0
4.577808708,-0.708308462,0
0.768732312,3.389450324,0
-0.6965975,2.840156379,0
0.766216235,2.563514334,0
-1.282379299,1.392634649,0
-1.997567359,-1.993162772,0
-4.119011567,-2.482661144,0
0.894629129,2.461702029,0
0.817372985,3.309498321,0
4.711017329,-0.539530888,0
3.32059358,-4.606417867,0
-3.07440605,-4.589283511,0
-3.46372894,-4.428217595,0
-4.853652623,0.278476403,0
3.549262611,-3.708051246,0
0.020788773,3.819513722,0
-0.329379609,3.299591935,0
1.906413084,-1.383573266,0
1.429511809,1.530117538,0
0.684990988,3.631242359,0
0.827726354,3.10910551,0
-2.117486023,-2.865516912,0
1.217667668,1.408887125,0
-0.675768948,3.757618407,0
-1.356837363,0.496140988,0
1.677764622,-0.606208777,0
1.332181671,0.622046938,0
4.629549917,-0.609398355,0
3.402443582,-4.07803172,0
-0.787279361,2.575419246,0
-4.716257376,0.048743064,0
0.85430841,3.069134064,0
4.627877735,-0.195690847,0
2.426325413,-3.322269439,0
-4.483121613,-1.156773908,0
1.111783939,1.439635116,0
1.031065134,2.375356108,0
0.154795921,4.300525894,0
2.625239077,-3.874253109,0
-0.930587356,1.950148125,0
3.324142275,-3.154769088,0
-3.002116431,-3.45949877,0
2.308340762,-2.138408202,0
-3.171990856,-3.356596837,0
0.024019324,3.618796481,0
-0.204914825,3.215448531,0
-2.51754178,-3.244351597,0
1.92362183,-1.15481733,0
2.002200771,-2.255274623,0
-1.568734157,0.190765875,0
4.117040504,-2.476320667,0
-2.887977178,-4.074233199,0
-0.125873515,3.645021169,0
-4.16767613,-2.055203521,0
3.570942204,-4.162182639,0
1.798293742,-1.076197215,0
4.583256678,-0.654884119,0
0.5390682,3.884931265,0
1.007858259,-1.180281138,1
-4.757006243,-3.772827247,1
0.514917667,0.035767615,1
2.459093449,-1.140984071,1
-1.31729556,4.738459415,1
-1.760245124,4.148522004,1
4.53025454,4.069758014,1
-0.915487553,-2.000934661,1
-2.649051349,2.017390067,1
1.451138025,-2.476923692,1
0.978274853,4.350055723,1
-2.619286126,4.71668651,1
2.878100071,4.960635896,1
1.356868828,-4.712777764,1
1.531729912,-3.071288961,1
1.611317352,2.278223768,1
1.59452813,-4.108137927,1
3.092782365,5.407738214,1
2.26602358,-4.022217728,1
3.814807136,3.351484727,1
-0.719010322,-0.711143634,1
-1.100453371,3.420375586,1
-4.571923967,-4.660023054,1
-3.479418708,5.939474685,1
2.927005338,-2.520641721,1
3.558185166,5.805013471,1
-4.950216326,5.079587325,1
-1.561914152,-2.498856456,1
-3.886110617,4.7056429,1
-1.085141606,3.298137758,1
-2.784170571,4.575391668,1
-4.638095102,-2.94094085,1
1.561521839,-4.552062389,1
-3.272733253,2.171184685,1
-1.169284082,3.243608759,1
1.806491106,1.027765201,1
1.661253578,-1.923563655,1
1.869705212,0.268493998,1
-2.594698314,-5.846385852,1
-4.217668332,5.7098395,1
-2.862268791,2.578691955,1
-3.058437877,3.195149629,1
-2.803312952,-2.456844265,1
-1.4340882,-5.245082178,1
2.268236044,1.214885426,1
-0.253275679,-4.229277299,1
-3.917479839,5.247321269,1
-4.656271758,-2.807380468,1
0.66124585,-1.339843771,1
4.67733332,-1.967801792,1
-2.622872603,3.18809388,1
4.292187863,5.437354906,1
-1.93109141,2.670305198,1
3.421867087,0.794881029,1
3.399799739,4.043630683,1
-2.525757079,4.719546324,1
3.574797716,0.450244602,1
3.645477646,3.217653352,1
0.579472957,-3.244948726,1
0.29653281,-5.266904678,1
4.249552179,1.755790874,1
-0.419063512,1.956847278,1
-3.704958737,5.363732837,1
-2.930590319,-5.366158253,1
